seed_number,1601,1602,1603,1604,1605,1606,1607,1608,1609,1610,1611,1612,1613,1614,1615,1616,1617,1618,1619,1620,1621,1622,1623,1624,1625,1626,1627,1628,1629,1630,1631,1632,1633,1634,1635,1636,1637,1638,1639,1640,1641,1642,1643,1644,1645,1646,1647,1648,1649,1650,1651,1652,1653,1654,1655,1656,1657,1658,1659,1660,1661,1662,1663,1664,1665,1666,1667,1668,1669,1670,1671,1672,1673,1674,1675,1676,1677,1678,1679,1680,1681,1682,1683,1684,1685,1686,1687,1688,1689,1690,1691,1692,1693,1694,1695,1696,1697,1698,1699,1700,1701,1702,1703,1704,1705,1706,1707,1708,1709,1710,1711,1712,1713,1714,1715,1716,1717,1718,1719,1720,1721,1722,1723,1724,1725,1726,1727,1728,1729,1730,1731,1732,1733,1734,1735,1736,1737,1738,1739,1740,1741,1742,1743,1744,1745,1746,1747,1748,1749,1750,1751,1752,1753,1754,1755,1756,1757,1758,1759,1760,1761,1762,1763,1764,1765,1766,1767,1768,1769,1770,1771,1772,1773,1774,1775,1776,1777,1778,1779,1780,1781,1782,1783,1784,1785,1786,1787,1788,1789,1790,1791,1792,1793,1794,1795,1796,1797,1798,1799,1800
0,909609989765,276023199489,49970715522,553574225155,541600791553,563869021827,785703885576,314488371842,1023857571849,94952367491,441005861769,754959565319,350795052544,1060286098048,784578053511,422453517190,841131784092,928406176385,568508646663,939032072705,327034504704,759670038020,419294957186,1053779155334,702783667714,122929624454,342368023425,87593628810,471545680001,546958789378,1000293061126,1060923780098,240330362240,768347860234,709695529473,821359877771,768195771139,473215844483,1037604490633,413246649088,766850787718,215058845056,394389921033,775113961223,397491767680,365451218562,696474638083,434958649859,712631834240,126404337280,37537963013,321358199424,1082246904704,516716053507,509162664064,289483400449,246041629573,515046719623,549366034183,243621657862,894943506947,785833243776,1042692146050,614491544707,11497917575,393441044739,869665791362,435603325187,516284197900,322587239808,544869279745,287909488262,391585017856,112990086789,295102667529,110814136838,387296243342,1045233223046,883568163842,816370914568,22120583044,598469053058,157686717707,246671566338,782507527426,1009207859465,546868309129,602050853384,433946387721,754583387790,398388022144,673255821060,770224660611,535861309061,962765521664,24741335321,492715051777,414054888326,257736570241,440408526980,1041444268418,22301775105,944425995264,694784997376,886244478465,671639108873,202929741057,520916012675,1086559036032,935327934848,633440215682,1031338267009,171764705031,781177847683,1082028942345,399215047431,181796143365,776604907655,335512039557,896691291138,869831908365,85077046410,194393437184,14487426,600774968448,304923002754,933960478984,150095764225,638531946115,544737201426,860853810696,955046932353,565095786635,790692447873,774338277632,297691757696,259483447441,195021598210,130261785222,1069552390672,465983664898,625865250052,636703197060,1047479202822,696088835465,636930832133,101160214016,955838907776,820072262663,873896799873,1042458206608,687272267392,930890034560,312610431757,416054100737,600392146561,796704834432,653248655109,58825368064,569002985106,554910890634,554499502740,782538411521,397432631297,744564867078,302508802691,639551592066,854286442761,451552592129,112291862402,697720265991,350942592132,963480552071,1031511980297,759309730817,278650246531,270232646149,21224627072,268322198400,875117592450,131693055765,889471145094,308732766209,155788031874,75133357824,919383673477,576074144516,719765094656,1028537943176,864032573065,1085023222534,297565360657,567492803328,294276159747,414045592324,810665782915,262030756487,606906118152,454284136195,73270146689
1,838145498501,48518090515,828199759499,978435873821,870696614411,672707316228,245421021071,652472476933,661862345492,443723460232,22161686798,379145840148,334251732100,108101397767,546361981706,875837599881,4017304092,358750315395,14125071371,715780509569,615746865544,89209078789,753894592900,337756186379,1038489942787,1096036220295,333293374082,722354529675,550969311745,441046907914,588624846346,134342263943,19328166788,35499384842,110896176129,19707091346,383772462851,683871641612,572695541385,500878808321,371489796626,56121092993,323795662606,767468994574,1010306205568,242881831683,1087867021444,669159400852,696795116164,910352189573,757785679892,1040838618627,54640873093,618958685963,1022582283650,165799383682,674101522822,500692122632,112409303953,326564817050,895754776461,748917548684,211326206597,976326153223,40899600650,474477121028,518992938373,973845073929,821486285078,604888744326,859191387012,817015183240,880585134468,1014350978182,780113397003,452195266063,402927164183,792375563655,958633968541,121881818636,302476343945,412830311938,655668979986,974129538695,853771596047,199030443918,30196216463,889683569299,86420242068,577390441244,491196680323,595858213128,217817394195,935537271046,784629400070,663889476384,85452500749,494294172807,233036679049,229351507207,290007811981,369283039747,196263511425,34004395777,599208973698,652132195725,935581688200,1071926974215,373592556178,484233846920,391152648327,588906958599,804394010123,893653059338,988536245908,516885293708,789625651333,857914320393,40837371674,175774710659,566705749651,486258080023,206344571013,662279363203,87359377667,519919300906,188799960464,1034249153542,37683861387,170502979606,901616585738,216549897861,453712033424,703568677515,718507668870,418430412686,592348092190,791144699914,176278264463,645718076186,564169220871,622855147784,942818164869,344883901704,669821971600,832072144646,196332530945,587259660169,749981811335,820172544394,280661359894,596531889034,194573752065,141353769486,862185922433,882517301766,849131894788,810811809542,838392787202,104202793500,148910453906,1036414508067,102025040643,293381296264,45825748233,166586137732,564143093892,369685665163,686971118337,59559434381,41848024714,966149403141,548763221524,817316508441,535881689871,139639547405,744004213131,502069532180,327266435728,765339129744,1053411248410,137259866758,489984557188,273921362821,216536150652,288914210568,373438377775,679036884490,601825027977,123600668698,237698460046,157748434578,718802657429,430663997580,1019953213839,397815726351,560679901457,585550352895,319967764357,344439718532
2,1018857818259,5472450075,236847183125,434064888734,716717377677,904157132434,1040781074192,636864090515,793303128469,1055400044811,92961655075,648156146198,793831272973,469422255625,839889920140,747160801677,180322818209,50628125188,1017277852310,781256911759,91254336013,649638793230,306186591751,826295767829,1052150949386,320846311191,828064343307,133748158607,318083642122,864213249812,152308867986,296695691020,905544330120,709242442122,780032687495,946935595169,854463674885,11113613325,896570433419,622023556614,76880595603,163783287556,231996627347,595436022805,372524216834,1061121054725,594935816067,728315629333,679389687813,456506028436,905358941332,359337893765,227082076683,982260246804,217204426886,535841181571,729159904782,237279877257,383063454227,111365987360,795250110735,198849008153,919093954438,940648799884,446617575066,1013477292425,31238679687,601357487506,442883043105,560329778572,398942125319,903722364689,821452333188,538825281670,377548977291,735448291857,530967606551,450980045192,387224010526,828991396620,376954406929,681157420812,294091624472,482363633182,498011056789,648267939604,888839631894,498698202902,178850251931,983801735581,266378962183,841379873545,498772490138,592850181770,130049249800,744638642991,793774493720,654674462092,554485587732,364961586697,343015609869,335066580370,1032004686850,498899765633,838344014223,898235351952,403620329619,870057991688,719989855380,184430626582,510082625928,142762801548,650896871312,622545094931,1000344229525,14791313677,1056376045846,902928793622,54953620894,370114806280,234666524831,239861014554,225582193805,276326414729,543623486725,160008196914,390207774241,270759290263,233719348879,1017900273686,654154023179,886111055239,700771249296,629272692748,904735868297,357140905104,202764403235,92340146834,348163249179,514585269918,190822873738,540668428172,311363574171,1058964035592,532608326163,557992378124,570525113091,512272725133,736504469386,784497405081,598883437092,899457851148,31636785158,864001784485,323525940866,459690565396,48088201611,419029027719,959466706182,621755081245,784191378976,1048759822758,293326946179,403483763347,473404228499,490005267335,714192143376,114579271063,608831513219,167515310094,617643566483,14951995654,201250721942,781470224672,1028946140945,936463363605,846321427857,999797258517,612311015056,986469803923,1093190461466,305707658888,434664928136,254694275087,74803024383,875371235344,89811121586,256317796234,259005544989,396485498909,540231643407,261868182685,46858156574,997214894604,235020880287,573401123482,317012783762,383545834508,1056268125205,734711714833
3,1089248256026,234868255778,508561165342,326812225189,520938233366,156334790169,70099430936,673247085311,711951088178,481277836826,566013393018,959726295833,897901934485,79778539278,41380458257,83431182099,652753805730,276532242310,971470073498,697719310360,794398204821,952648277784,612717295111,38512080803,1081764943905,579494042653,805915465109,620070871826,398277669004,501262923927,534896581165,1057429291672,472650543114,694079918865,479600393754,150348452534,943161249164,875985464462,213042214035,234603816711,209480384283,236033408648,600132932375,871315402779,776558093955,108360206092,342932885648,317137474078,401585722248,780235640490,152807282585,621834910982,696246365840,524482195989,1026282555399,346849348612,732772900499,429345256088,588947843864,531831026232,568705176338,449717633181,644624345099,952968252301,266918936347,721826454668,379922580498,164930152228,873413147170,25658944400,660997527447,20078777237,910551970317,861817191441,702585534092,618843692050,56437384861,43322780680,755915111710,759302153616,500815363219,1079807945122,787991433625,127963199268,495097397142,245594466717,1044711338657,909030231959,607741793442,482868843426,46033506314,103532816521,580022629279,2981452559,201346518668,365677022384,884983745826,208997763217,485754917277,1015908036237,371002793102,429012372883,582931264012,348635759490,22743218322,585059613591,1057936715675,68508570250,392041172769,106786844457,630983766287,213072100366,864253793939,101159760148,820041314968,214710990864,303983793687,139924651159,284104843554,102567510283,660621009568,784566427,378847863456,1069488675727,834152009354,459329391675,923836828449,763921763615,37439045527,729048881450,1045000580748,552204147592,213508436242,703256796304,483142299404,49092930839,934859210660,1084913740562,70281481243,363350709024,229471360909,61223841934,471971277601,11336866827,31781142163,610830372878,907856392710,914826396815,721662199566,927377555361,891244188965,209942255887,315267637131,459927688999,627845692427,160728356768,40162687374,11611511189,644230467208,362403349407,375858499109,41957989810,1022152242832,502765999509,306061538850,549203731596,217874142240,33004523674,879204486408,305605470869,176180153876,590259887372,286528984727,880214816422,816045461395,843062179222,899009369617,256279928225,493225607320,931308753428,103492794018,73282420234,459270188171,733288100371,619974873748,871399094040,1015338776886,246856987665,629460526621,282028917150,105683980690,48977248930,106640144420,108743447574,333689362339,272270127142,676159840914,631750830480,1023109716762,217634190226
4,735252137506,48034334754,736342121887,28437235239,33241807147,918056661037,939705485211,1053945958936,402378123059,622439837478,722430731564,446920789806,419180204191,94689612696,726143156504,500778499995,37171510315,188189626508,674219619746,748684365227,590352305826,104097592859,155474269328,1004825560367,257749062820,928063635883,234977742879,185186150295,339641937051,369221178915,624640779827,1049415096609,273554653076,1084732850723,929681488158,426157285433,818960605585,672856297363,419509396244,316202451081,1046513367844,657503248399,547302177053,661914257181,290791934087,896843047438,164860249624,734932306084,436550379660,48748455092,697548504362,491366652936,620183937937,90920813847,610028948365,187645153293,685890467864,10528885415,920489586977,938512386104,1045488986899,964149221407,475432607503,831273852058,783058518811,1062780037904,672561834393,502130385445,1053073646244,1004343616533,473835466267,389258284570,31295487887,642440146450,905416859023,819208820241,190584631330,197291140629,954969597732,575978939026,432156244012,387145358384,33706902686,194766211510,1008201167411,620589006115,896366040611,191298508832,723268145073,436904662180,81854646423,916133521695,14154660897,577964889238,991887097356,335041714993,953616983972,813702417298,554468255518,899310469518,1000313740175,573298379030,39749267215,444064709644,656376535832,257544568858,197919737504,979802575242,1028191386532,607399666093,111567161748,194542613905,1082704368403,290682591645,810406139545,790988550678,461067618328,892959925021,439996357927,168936255635,820523718564,1083367088031,521284634786,63596256658,534485347466,98493373885,340242929067,875958533029,509163980314,495652552621,423922009880,488152366610,630410496277,41043009808,268545199118,957523490072,1001104770727,308423135122,300458379305,614006036908,372721309334,971830154796,873792074551,880562192782,578658204065,665634789782,358577380259,751039372177,482575673626,1085080790692,860419002022,698903457814,543451998475,395108850344,725600598563,264498368546,230465124881,499502341662,643583872909,481662958114,321144704040,748523639732,52660856082,688800169238,285573423911,748393797915,466447861024,42365573020,378677342090,1031091637653,858395544087,281890960400,386329746073,942084491175,87893199776,326750429590,758096813461,1065317596324,516891601561,903343622675,24692098854,285923533066,254917796364,1003204209188,270396023205,151344626976,957746858556,237401371684,919345641507,36153924895,128913289618,876652900261,166896265770,261224166935,221129045288,56538947880,232740179863,708007907246,267167432862,305294133395
5,284855368238,493296756904,212617849378,850186078632,260869624749,368806163374,353884776605,493867967768,669896572723,469849982634,646976371503,447813340082,482688008352,979579110961,849389183266,345979620000,469938700717,938753211278,991020580136,72217370928,100478638890,701077474848,374330394263,1088240373301,968313629988,455924005558,780840018593,504799974052,43208790811,203907845163,643019044922,585925788471,852609501206,907411334838,654370876967,141306542909,288713425426,457166995358,4561998105,513617356557,724278972198,134432023442,453309649951,868339544224,1096041225996,425847811223,646963835163,266296362025,556829879567,520050836797,316414722090,667529004040,424680035355,143575690913,763364199206,831269780245,203088441635,626436154410,1040343044920,803589516091,715142473625,15171377958,786494030223,327520720421,307681019168,799320282919,869618458018,905512833960,603217018280,343536420130,583807375516,834196161051,619242120988,176490970401,510310961297,1091193085469,519203569707,169285927193,272142918437,330981390744,340988264238,318551594673,818867761054,916077209281,762387094329,527982628134,691522999591,779826170019,40133496756,72418487205,84668991643,784903655584,736630257441,574247902495,1039161012366,976347371704,653397620389,360352204053,211148270884,1020657674394,1084214643600,658797305753,563631914258,658493109774,450492597273,907000184732,860450504353,1097674462222,628655927848,284036018221,314516750878,734740798867,477476367257,788316964000,176887307546,390938207144,49769800857,989607135268,689265619753,446131498007,324207875122,748080527529,557267026862,380742355092,1022881880598,667567167807,821277649977,910358281510,845881902234,936303426494,1050520843294,839211991443,356376592663,871185201555,496849763086,995859655322,968283562927,1094663552415,698224902702,333566341934,433639695511,500044709550,93140826180,776689952018,29473010854,1027968613026,722233618980,203372952851,135029642146,812013835063,744086569640,238886002585,683390499479,353186182187,715034753958,597955050533,792183389595,159649233064,475708054679,669145111734,303080495273,341525675322,263817748500,520853230237,859493256503,193557730083,574004930465,504591082785,624661596052,39358601623,981799205913,1061474483216,421869725478,8227271338,266463086368,846560496923,154519833624,1082783888422,198007399332,577978730523,138167095335,606956075536,25153269143,580798024497,613299411111,189181629729,800432659906,747087166630,248713627939,554083471908,74413062427,1036118978342,695353434539,743322045730,430089699120,898185935283,565502476709,157637546803,223291962271,534217855641
6,514267767351,127389768617,437448720677,1065953099440,252003580082,36895167407,262405910058,137571646362,869204598713,751587645358,808803225524,232096835380,954157715617,428207441458,832636179495,302767311413,454171552946,486252626704,161489118898,741527199666,80494878255,523805755824,856748976031,333420170038,899528181161,32570393143,332935415338,289667308452,145500193820,513338611128,614675913405,90039630520,86098615837,526999368633,507793897771,239734409790,64832471699,739424175136,896940693788,89900641177,140437519667,1018153754387,1053745198762,890307358632,1015861785750,289241568300,870040282525,1018967629236,373681529126,1061829677253,921954634798,905192919572,586349727414,466597159460,955155602229,309107509017,924098513581,72984996531,363730457027,363558346172,501581191836,155160380332,830316670357,1001162078887,40039439800,1004694090284,502470684712,1090011057587,148384614062,679005745442,992663173803,518914031149,904977581727,483672453823,866071383314,695698759454,174434425775,539683357468,362665009318,1030868831774,433608088112,461451343545,869063176863,205612672838,275380243773,60283712041,1032183384874,657826794278,777249579703,173552054695,316315384095,521452562976,954080029346,361846548386,615281861133,860054576579,524584869034,623105562527,1032915764904,389777606825,381436867234,1021570894873,653427042584,861906844047,210086518426,451490545068,893950352034,518357370790,1063907466804,428806691119,412903248557,1080691586328,822694971943,28261238438,1028717489693,520489145009,1079459359396,626793403956,923650560683,494308983578,213294088642,949692815022,68785692851,735436206485,757774942622,1017200811718,731094063944,791425179561,50294615330,1014402806975,212826083877,494209745687,852060864413,514319053731,1044848957582,1028827462562,805798926002,48733648164,44148877752,344988390702,1068920174004,647878028718,1033197357641,906654714774,130413156396,65924444325,877760455612,412147401515,1013522342707,631246246202,557001934898,256597556889,534430220449,708248310061,630331114406,349643773994,604041166239,674534099496,99441877405,335559428791,628690371117,596459194047,526116833941,915099089574,746411876670,351819294629,691200750755,63166338088,373235998369,534966633880,857531677597,834492938776,431144486569,988482738604,769413005997,381333052188,877007508900,991314439847,1021982233387,328596512163,180503285032,274338309652,205335123102,97022453811,323690167852,759841256610,701077865160,997653919916,363481888809,332976800299,88557711268,197303184687,312674867628,956037254436,913134350642,391326705204,1013846874918,724552375604,903961551283,1043368802468
7,244236751682,483321956782,471176980649,271325255732,107044453683,982228541873,675404898351,750405257505,526744818756,232979401520,531295175221,1041653042231,777232905383,996164633408,720501308840,112335182391,764512693432,144275706398,1538320446,604885580856,959095056689,414056708278,588778612010,474946129726,746084554418,1031720337078,663529717930,604540891177,50260242975,638477721661,564083130942,180693044216,888120261412,193586166975,1008742925611,471401221439,78650937363,115289584551,203085293859,284260960800,962546247092,749197712154,1042558162733,979524958386,62051544097,438519018545,884859196960,51186495797,597577688614,328136494405,1042286916150,611366677268,955053919806,219245711794,850556926903,794078269486,867792100404,141491555767,1034673252804,710034198215,429765906854,142063204141,576635417788,906225028522,581788470328,272250268462,313862003497,626314685491,484515757374,382049130999,708669721914,91601282994,949119446562,543164007487,998904249643,74212956077,1074717256759,569520888354,554537908906,271060375216,368237342267,1058383944382,444079170338,744588161736,956092339902,376341353130,362488593852,816277840439,6105897783,103297706037,96442496671,2417003302,717561541940,580949268391,433274606878,810284205643,1068236654386,418706133175,691486314798,817829038643,989006887601,329886468639,438969648682,552798725650,639356888737,738588055983,78969217700,165174886825,437334922306,667309960109,144870592049,555765021593,91265297076,786042828465,1006385085730,147504824889,442998631725,994416207412,188098476971,382245324573,266377643719,451279008193,381335669430,438255015830,291657295007,514152113228,797378239951,875899440812,133310802862,744558420034,77334484909,518416441378,105956321825,1023066394279,658548318734,878596604453,828322175302,880382046132,954264775109,399996690353,911086012854,211532122287,626823554124,875624560281,951916864045,459191264812,366447245758,276693929516,520881850042,120535838010,255185246003,1056970832794,131634746019,217906591931,535914677299,17016349868,567356939812,927683988153,222338838688,81447257152,800194023855,345925283904,99209667735,5109881126,755653491649,827018112300,1098017827504,408512954296,876820197556,943054496155,747375395751,132146193317,491273502000,679601196077,776025636142,459177009693,2340372006,642806723893,1052984422191,405129420324,801410179253,1059686620053,766250674591,923950524992,238053840303,511764803364,486837749454,400184313389,541979849775,263281045039,181230282405,960795713972,456342858794,1083606505636,226505911862,307967904694,1004950387375,378225502407,1066689086515,1076248684976
8,456470854605,245087256501,964246268468,356006747956,313407796545,513101875764,847987796655,766732587430,1068287118280,557454017843,837389308862,134173335611,548072656565,484772951112,446532577839,602856755767,545415781306,1003969623967,407608947397,551342884412,404161968053,154597155511,427281505195,876639288255,974259017011,16356525629,175906721979,468178375083,1050947505058,184864903371,406019769026,718586341947,45086596775,528487961162,66222210487,1070662766145,272659974434,932352890921,358378527547,850371644339,547649601975,453057370142,859946127794,961849919684,864011808033,108450676023,853035642542,3097336122,539893779753,790287859145,797406264126,561336235668,649233477439,697054640947,903638120631,68741980998,906874916156,1034969466052,221596107077,1074125410386,38037477160,823581658156,461081968973,857314728367,729679867203,534001444024,563676664618,60586969528,577782322370,303896550822,443561886907,983192927288,25279256744,504015855935,818018223546,245326702642,424418486968,202008272936,739216022836,10159126193,252443837627,871707880001,242391902634,278763681224,580928962367,305373433531,598839798610,785490942651,703826233402,543350841666,111997446049,434494792619,934779962819,257537373497,320286572960,587844340561,161659794739,1084156070716,638112879795,874584304949,879335049138,171203245219,592660888494,979369833492,94077813409,412568888755,1070416231973,1077372275753,695328631363,1096701772335,233562696883,219307272475,768181991606,925385167670,758160032306,901927000765,40260464175,832113314869,1009218649390,107582054945,124861761996,568553947715,210451900344,309451259935,799757982755,750016702928,69238512338,448984650172,317428634165,84047864649,203878895410,299408180267,4029975719,358633334578,299911702165,985747443378,697528651341,78046800190,384714220615,818897522354,967170463547,784262045765,581584566608,764776185371,746101936690,398674617518,670796774719,99267565748,281175905725,836635538756,139301420211,162367602844,768545630396,703305167682,531861168051,361813441328,302041742373,793302775994,544640259876,1070459918530,460165409715,429092787015,1036029615142,472815570987,238983250505,548148335279,773910272433,783102725305,322242724919,813756307755,410975689646,384666735662,774095854523,675794762423,629965988410,882280868383,941358441511,525116192183,16990261430,516367124905,668244077501,982983707416,446923952165,630453691073,309232054720,19167377832,182813696847,184319608504,138780298424,823230083376,715739684006,309930499517,344301828406,1002011754917,829650342718,599552620473,365644132145,512321725397,25251226295,538931914929
9,476453021134,100786541621,911894729020,1050335557305,665840701890,147545335992,639009988153,818945684274,751652998089,596684070325,761825877955,1015600598591,594196460086,870458979914,310735748912,306230518463,386869981630,975726991647,362561258182,374394481087,740251816502,803586803658,75506780972,615072543039,969099625407,745497247040,852348412733,740577627948,771512418468,278824400844,143991415878,409014238653,439193460648,693719244878,868724553528,829827631170,1504427689,120052972723,338031720379,691714012981,422537454525,319817955756,253026037819,13870628939,880441429545,167565066813,153087247545,695447507009,684268789290,459620867145,434897411011,31778215705,432921027014,1097417040563,211352152400,686705460039,78610147646,224860786379,120643587663,198244086612,619107420469,431280703032,26852298958,823693435696,363441391173,25142392128,760701204780,570689291450,739562297030,857042179628,880757914175,72610525369,343946105642,36136258115,548481509566,258382579771,1028192505784,155836891973,997255219010,718256178230,133616114623,137087104074,772613825073,814331825101,1039032870209,714433185597,152636228692,372442491456,1006890219205,644484390610,607517953831,370203887041,661786366788,976299955903,18805239461,719319865308,58950132919,156888961090,921014622131,581064880829,705923122102,566174667446,314105351598,7462647194,1098275675682,381454246969,568577079846,985863406004,308385510978,722218079669,544691253051,790272155932,793577686968,9832748346,660860503221,940928663360,473965671604,289014933173,838717443252,157084222632,698726204877,963716065098,61096843198,946749498021,26380340644,894815469266,103011165139,756061477062,114031884086,1061652547161,132406629432,1091154096046,198281904316,258608229813,1047179732899,566922688569,270840014030,1073367385152,1042752032334,1073799751604,313133455293,587190040396,990952783067,466223411740,78841941313,848792482748,667984901570,1021409960898,1022041171137,770499083972,401768586938,967903502377,820361701567,867340845510,851210262325,761677768258,826475025712,758060479423,724331552563,928158914887,668384237496,479927670728,506842700081,711134213549,585844297039,1069831747892,243765583282,83731746236,622006747579,127934658349,341744677296,91095240239,660825810751,533248001239,318688766395,644685567276,566203244848,380104114872,82032371900,163402655275,555854833092,446844983217,83063476398,358932953026,997035503430,1043242260536,322295939538,891363773888,989782636737,655038863281,858643297842,745791623614,367393627191,515421500840,591723536323,132311221822,919030812467,466527904607,153399411129,289826159413
10,511869346518,786004337976,628712533697,459889057852,967346104904,1008958573883,581146941768,168381317046,84223693897,411780314297,346263517516,967494619462,458149988922,1069571309133,1095573691059,746107068351,456043704769,672014027949,694845504339,239682121537,428410681399,942484539982,219217037744,22727796556,539761922240,620078241217,119836854975,700033250477,966629583272,381048722508,396697895118,678453604673,223776265905,420380390352,951150132536,920556895041,169759732014,352524689204,739589255490,705839315126,836802766917,1007934290553,126022834881,357527544270,521085522622,1010603014208,989429170106,244183750722,629320044331,272735345747,890544754372,744469131290,576543182807,665477431227,460535254226,1004153518671,695634962754,583157658319,204561183184,106717053401,696812725945,439321196856,135770225743,650997264306,846020700358,275020838988,6970452275,441632801210,635481206987,312614021939,273842130627,969800353852,4623022125,531021275209,921279870529,803687394620,64872569912,306365360198,758090764364,253924881341,749953006149,925477864786,523505601722,469324792909,767784126153,666857691710,85572552793,125732139203,378778104523,980787043541,840361742519,84882089159,267796231117,785992840779,729282416171,290938765661,585047912377,525453608130,348647611450,271875136064,348925336630,928865111101,819983288497,932298876452,882728437679,419681705544,663731387173,1012940885813,92640209224,923257176637,560890434379,801876728991,261589701444,561935366333,696356968890,648569062856,210980581565,903401206329,1047631169209,639820882479,860294731858,762162423500,1076497614798,1002089583531,242912923183,50964963669,396295262172,263667400653,1072240120887,239594393689,37871721791,46601142969,466063580610,543992674112,714513190447,163792220606,460984795223,1071909668544,32875961172,96848075716,1087592909631,470880851418,35988496607,596907373216,16401020740,514945991757,155168979017,285300959174,1073160729414,920018076871,1020366279236,845288598322,192533969992,989005057223,60104789837,290476634819,22479089074,383121841471,106030873419,1079688172616,949812315450,425719862475,791463044407,1002984791725,1084339583567,1021954693558,367513251255,927307570897,636599485628,515557870263,785824625476,268074006194,494444921541,698660105432,182971133628,593780693039,954804750779,442588372669,535208862397,811091716400,217218888913,21889740083,9016422833,264725495502,946302844743,630369283517,147219579604,478578120648,300887483604,1015125519279,101428924999,388189140298,1052167007040,971176586031,239522852047,327458271295,702541328953,482292425824,511121508923,733792036162
11,826594056028,850714740666,138682811842,67023053628,515641246410,851972510532,1057029349200,451885554755,661199580665,142068414907,913520697934,532831017678,438765502788,368328026327,424070398136,786600760396,128184025932,893771027757,406809232473,446965771463,482979593155,506749746256,249932520881,829432759504,789056900033,290362388416,925479857856,489859423790,1075828111405,930533545169,126635146575,352687222213,729585096242,735313919952,199451180998,633482521926,507835608879,514558370109,893850848970,634815735755,254549109446,663706228914,802658266058,283838304218,479935891522,738557135300,894845453378,167327974339,807221954233,445961861719,927489560528,249884220705,655973735259,816621144781,766593533913,778206285282,639297988806,24369091929,37315506006,32820203744,522409486778,179289691195,781421694550,888927056316,77492163786,884581027791,682823828416,846949289156,563409138005,180813713466,365080785478,173655476802,301677660078,250341848395,778690844106,580767923917,981780234307,39613544261,394631875537,678270477118,247096871245,441008867413,600625973691,343223154900,505191653577,870695568576,843990680799,962743154245,924020415058,226190978011,534214396730,1025197563981,353959850063,270397744861,10706618926,247378144097,643193956286,32074629836,782996692030,761389238083,42789871050,830810220362,1018826882364,44954591785,975493680817,307673351631,459951370151,351819209908,215121797448,37869362372,1024959080013,224495225776,422843986894,448681933505,742961953980,636007684942,105987761601,42465630397,383644848577,217659316532,395063352533,339859113934,25117767632,988917078068,1022517795505,415641471189,23834484576,513813626445,874915324089,734446619355,310296224834,179780240059,76281116740,229051288140,947178614065,957386053958,444961570265,247825645383,573943360732,865535708357,593325834689,213500431195,341611996768,244332796451,389220023768,836018685261,1065826806729,376313648841,290686325704,1047945796685,36220867919,231814116664,138234619986,839711849419,332783160656,428087117525,336597739703,403917833667,682092495948,548767224779,762427808199,393362666066,74980963003,848683465521,69420397904,30994054332,833420674615,510601107667,816047556414,569327534653,269713928395,366133877569,662414077901,443986466905,393379203388,58785310769,514793621435,142191457734,607781154114,641782872883,1057920620639,192068381495,65605032516,127446759888,776657631055,817494204365,76134399457,1001325140811,48766403413,966266876596,311792497096,289644303185,414101168967,584629595955,327592084563,39345070400,722480773833,278589739619,810756180418,252598201287
12,386642681309,654371895355,710972585027,642275916224,858340951003,392393845965,634789353556,787034468036,1070562429647,799543502269,583497881060,662462608976,957773748570,928768219227,211952958524,813885345743,388887677262,682392580019,429621658076,449476739147,969250476101,183445884115,527292932662,546489427424,640086312772,393725134790,83472278606,934294726194,208561680174,1065663791953,97545240016,157966029383,623221552312,540695826257,696921071579,892032414152,741403838385,76669233599,1062830547534,814276596048,209759429728,32046790583,809635934158,19545405279,796195793733,88134091721,511847408735,159208641735,625693654463,496578409944,115569731670,351155699874,342761314523,831811664337,630970545767,226891516899,1035332020038,758075867483,403424693755,204906695394,698495087571,346050220999,594283448150,450373063104,679327644883,760618731351,463273879749,570272582396,479173399008,445165790779,946441345358,132693990722,933001280057,975383857101,81185899729,341875391442,739618275415,758538153419,17249742436,396313235522,982436488020,797165354197,510042717895,828596747995,705781624016,131033020109,1027001709031,41460818039,289111959002,1079713388640,381381497295,165406001229,418832267088,456137544544,283142352048,705687746659,452469011777,231545716301,970866576965,670945955670,936750229451,85430709071,624486323029,1079597586233,575125038650,131537849424,1072405702056,856182081216,594488647883,843709501005,33494316622,281881616819,206888734543,899190198216,649913532750,571264817240,1091686273610,559454921797,53002204884,293912974665,695745165147,243669035221,41350259161,733363679671,405966049731,964532091739,410362024161,170661510352,107940699843,1094648139868,600777185227,71518523333,910839857094,1088197183564,209617089972,703416294612,763667061723,948444087638,302144619741,978159553862,678963902276,66090704988,436204453475,51611942695,538867748569,960658157776,474908335433,143876270027,494803554760,662417379416,352335178959,892937385400,226771608794,732488530002,814829223507,773225738329,514693656633,780494603473,777959599196,412301880269,532324500428,45912992724,311979077835,1005084317255,314234969303,1070663565270,31639678393,312055871574,919575600974,55384264525,654733980875,47499927362,816319531349,494147396441,153110274635,1026939187897,842295869893,213319073485,1071751408067,648487203158,1019835484641,283715370303,758895405005,135288298579,908996826065,313786761690,299100157409,605981478479,973691916374,844703731381,81933056087,766646216405,263653332039,573003683638,389147502688,150806112452,360310057946,553827431910,857043231048,361009130448
13,373422788189,937969113664,386982325063,938073674818,449701102813,88867372372,716120789080,575228560461,495157399161,82037245635,926223036782,897399942096,267625281383,852796395362,119064053703,1019552579410,820614997201,889433251638,805514856799,606276350799,244130101213,41109644635,907132456383,576486689892,426909063494,116016165447,522132007901,288951448523,742560900989,130177098326,717263894866,210781247693,1071538250429,995287241044,597283939423,1088813468361,943438991795,376421763138,840811345998,164428910160,961951448931,668552060218,46706775123,305245634530,193152596697,636341892439,587184320994,1019773960138,261321918916,135162425176,702514782558,1089694557871,350032035934,1001228650582,857934139879,1013852617959,985658790219,784568907356,486981796700,231215941096,686884609238,183946873940,532587780836,823560866114,744185891550,162008716889,694637275974,303498621384,1098408623075,281266578243,1052819699411,1091701376221,391674709949,671171239636,188273720287,842267016160,184500447323,255031226198,707846563563,115490943813,290707549019,100218868955,1081773213646,50797188444,800840731221,908751872463,881828650605,163884509408,811474153691,860790727521,806389338961,651839097947,558019995875,757485894753,767246807493,914313469924,20025210441,723706633043,463540795464,396524638167,69133175373,74751517136,339767289438,674654842299,1062376045130,100936392020,450778068799,488277906375,470401516751,110733336276,476004767445,148964731192,720352524373,882517682634,526999583835,155742127321,720954434257,662790377943,110155411541,727670790860,959275459293,529146783702,369840740572,266834387640,1060943670857,500776694748,786493880675,322934710363,771789988932,497116632287,686514447051,142411833168,875273042528,976466383827,708807958973,905104049130,616373252060,420634416470,514946318815,930517368283,322425787468,323153489115,215246449635,1053192602303,351640940770,953176934609,774029896284,1095990814162,889099832269,225699586906,352461854802,11281799229,377680385506,22851192147,856560423640,755060094809,161792216899,902711837142,501296882397,763655426395,1067497795417,377594623581,807877199448,805138054987,779158679007,920517076834,311032307137,512489829343,319625718993,5590221269,150022743886,425464080073,595860376925,1046145547746,639805455441,894772333375,605854043077,946333872719,63579690189,938332875094,278615000801,612734069327,235210789847,718497036499,262219409372,574815701732,102159617635,783035761122,569907190623,518097134775,699201443928,434973488347,1026584591952,819731098047,981876789988,148258805957,776201907291,697102660966,1027275637580,453724009946
14,1091775423852,190776069185,276978786898,727250972999,385277130080,387849499355,468631215714,942004805715,543104430549,1017248118087,552214898544,297551333205,881821949293,89044393449,869049197259,956133302743,184415261778,68558309303,531950685668,699545719415,830271728097,36543094494,532565169513,611904759914,415305013704,285292858312,368246052078,1071622549336,662080061644,219556247386,725518934740,596194132052,281614262343,41689317115,596184099940,204228568140,1024165330228,501718172226,1021258449112,957402001877,426872337635,1048989987423,284177990868,12013685605,1063737418333,956305347804,384559029862,93883415632,285281831511,106196985952,109868356063,774042901818,197140592480,327308588383,985493020138,952424153575,549222188750,1081925261279,14556862567,961303945577,548863532505,972410042965,1022694327271,462588807748,737398406886,1015545080669,455587821512,308313392585,514014610922,1028811666014,707571352916,293883203809,63449060294,326018687702,657867236448,970106538723,366114566366,215023635167,253590967660,382115367506,57096292450,586461396447,313193339345,978889300709,693696264928,734794358739,1055999824759,110918196066,840532786917,848780612591,438928724054,400298899675,642910960483,941849348840,1060190945876,360225669351,606677531600,777920406249,608975073353,64402435802,579703003098,691831771215,432065533151,458129424573,778331255118,310395869148,333272005567,602941761864,961579818449,877893092181,878081368538,665660830530,704596239966,131143254233,383708396380,198971449049,406862561620,1087324789983,531097763030,497805528922,944764969694,1085414614492,966405449182,212833792055,362007727054,456460992096,268106341229,266100749535,303414463176,797587040099,862562847830,228342407003,445236969824,831894987093,327679874754,953728703341,961769875420,374704762715,579692968160,939938562019,363313432908,1083279628380,483071876456,219889193674,630650541931,596549006048,658678603236,959599012065,907945851987,251722592096,828910306906,728355703359,33669430501,75101545955,398897688419,85405023708,426064858442,451837572956,476827339617,502707851887,1055833653986,738022692961,109044677594,77559708112,368625020262,911220242410,118422736336,1029919634401,303824049123,925645187548,629055195093,805861002083,37927701988,235207037668,511274921300,402506921672,960061982411,24051108689,960991502034,620373649765,496081931617,951645492695,266226723802,26302194774,161796792930,445325715557,136398648548,1056469079528,617767401055,170522175067,775216097370,1033072449897,324796938965,538237585219,44632846441,154181385300,654494471397,171667546222,734652998225,336321973210
15,550739120621,510612471496,224244246237,937239750732,632007727201,738894458980,635996474725,920486611672,1010941386090,272802477019,193787627125,336816050782,921992831350,481665444594,144798113615,284288796891,93256360928,903365178554,641233460581,710671677162,649144972397,372156977900,1007438628586,609512699371,508345581657,1006233059408,1023277626350,632292883033,82608969038,781565981659,646043369309,220506746965,1033480073419,263367474289,58345931626,61009071310,204700135093,820539159758,607593613921,330913718359,165256852076,554534006377,357514307030,1048051206247,1022222193890,671039222365,462761008106,1055309706837,819301176292,495213617121,454248063333,79632125115,815733722082,1058784383840,846983653869,184820068465,670280968015,401698396270,953908677867,430874105066,734563804132,492430694230,199596171498,368616300489,1052788162668,305778490078,38226304596,665092651594,957212484461,702679992419,542152758749,527440911340,943463608777,1068964470873,1030525086561,289298821610,875359346144,264935348838,789627905518,423919175890,693849038182,494075158114,1030267667683,539869379173,940203845346,172580635488,490746537716,656492578532,929941018598,865384213873,614499109721,45787902820,917805975526,613970317180,936192398429,951846252393,654178361041,467218731630,156577641558,90251877731,953150437212,325997461842,87019517286,877177787456,633572450264,59153128416,306106198478,697392338138,427245298898,751556485465,198516394612,917482709868,707291121767,258282971230,995667958113,169358632037,322930544608,1008363390183,144822719958,630783578716,613961579492,182936227165,622703599326,609793135547,146185960409,856216489442,485982002929,471952256873,588171001417,695949316344,749303014873,765370215904,409265000418,936651830621,1016293791182,437297687278,865733004256,578424954209,587314073839,362631133032,969372572627,1033984141411,37724403690,738230689495,725888745963,679721833059,230125933939,456712951013,64894806618,214751091940,1036587681131,229168625472,565778426086,643418490981,26180518635,527539805788,1042949841117,421341022044,656581379554,444244817910,1098851989860,903363217127,342348159967,750539105618,295574553577,807613816688,206908756176,379523212517,921611344228,233033529189,896528933975,382168251877,85660318314,593237562983,557098783957,45035406152,635864646615,376339223255,439701423447,751151763047,586245494892,714385937240,515382439770,410779058395,598957717998,658961319398,166532292963,636656207597,54066023267,854209973214,853533974877,340070408427,240180971486,464142578514,734507333742,171420375126,51035762025,96722991091,911247907665,77673228132
16,826355719926,554882543436,973377667297,843394038737,931807520356,571033191920,738504711147,285287620705,139102483821,274159614308,26708047865,260750033121,5752529656,781164317684,974135270359,515202142944,384580328160,624828040766,118964081382,244946879085,313370757358,170284910446,867763095283,583206343151,21772341222,737323266645,266126432630,139199469914,282148394468,814446376549,384793619294,367808795618,409883020748,600752055923,941595299956,359290174803,449575672118,420803470420,748650337770,515686995170,721097815532,342417368950,234390065759,729753938155,562452436071,588301466599,467649601906,513674090595,665404943846,366231915750,899901127270,687102421967,603791734759,1035175020651,480628073200,1053906899575,597055501927,915642097263,141653774319,160663494507,747080833259,7196956886,842259932015,207398091996,120457517295,142079561190,3470701282,436769065050,443055813750,748601959529,121233065834,487685000305,399836537931,99940341860,499944363244,737581405421,1068262223330,401189520742,484512129776,87318923998,767187264872,813038097507,809774765412,560801930877,914694521319,480506691427,60985180919,252393230322,1047692695532,769911515126,973686516322,679968090353,951051696233,365561533680,883555868643,742009000939,496295541602,461559146096,232331272408,479047641835,451793341934,980264117073,501079819750,152232256346,357076776921,142264994529,351975696745,1084863949150,340494399829,301938771419,1036634439670,456488335342,549818551148,982319999712,216324579042,835385806438,813076741478,198906270070,351587734761,514079914079,595416544366,701849259232,106725686369,597686420173,359567094392,884773870961,495641227771,364859245170,128332608618,484852363385,802456481884,410170369760,75931359976,655825765855,582191635426,70359689711,97651501410,448895439465,596808714224,217653047273,63910318701,432418302564,38554242027,509355893857,386622714347,399505403492,839082112629,597086778599,621308853599,481629115368,505058858859,651800195270,969683755750,802554885992,559517054833,317499909987,886943166303,963480410335,423774779494,951196902903,764602731755,303716342379,51196480745,449415851610,747066263022,381203517426,901867318866,977660460775,499929682028,396213721065,578628841958,241309506407,1028687661931,1049752718961,924434099160,532745288148,169565117408,27894008028,985225848035,756095724268,457222186478,1037826078810,352107553527,176886960220,671761127535,299208496747,222164250856,333476465395,701464817124,824200879071,329006726881,591251302254,128494796384,39148879704,470179859571,456386069210,960873119850,929469264883,896899083485,47666963821
17,837043798903,498319005528,251832237801,1025165809890,300766830322,1065178543986,360859786605,490156367330,172711184245,524756683501,1026706240890,654465873764,710792159481,671276218747,304502629723,909479376484,790885752299,214600080097,79679985510,266577619189,736406055150,304679035125,204576385910,904601367923,737753385714,269126858583,27948490103,1014258692200,231636500845,590881354475,665730579557,387480738922,438037367770,1001396899451,457508246649,245375384434,24328763328,717835679208,242339634154,32696420450,916993674099,876298456055,752844069487,163770881265,379162404974,1049870341745,933856260089,317053845988,549772769640,610782956530,837909548272,1023707528536,311784162156,434404165230,576951619313,270814509049,459135692522,363301880431,732297032570,1006749647213,289691002603,530150527710,177666844785,884212971620,280838716404,225947206762,204537560679,64753819249,637583330168,3177774195,48793437674,45035420790,373987267673,516550481002,23870090099,355506665587,84771901796,1080933012718,14912958322,1062448097505,446660746600,853663529574,973904632297,739810697850,761701768044,926626531942,794482800888,219198085620,124618277487,872678804730,1031514995945,698169547889,466409037675,241112173942,432887227877,92209124594,1068762858215,79519600116,181678125146,978072473068,945659857397,502984240746,240129919338,852938433272,394200054879,168407283319,1069410336621,849041310962,738367169237,497018046445,304454102139,703468623603,306027724398,270616448997,261548256229,466177597422,977228597352,514786484343,507547824745,667315954274,60576505327,979745876450,938311172715,1067702860508,222264236409,946934019320,655719974138,283471293813,790603433845,138704403066,709986830813,719838135781,106247429876,909866862563,974345223404,111300068857,954672901484,496019998960,1026851472623,356794569064,418148775411,86165551207,427231142001,263092158460,694042200174,677817184230,996090305784,619957291111,678185287267,1004425245290,263904009584,46116173517,604532125547,418777731051,372544990452,379952427371,909331126245,863122275685,692109496172,570226018937,609907311852,785407029868,450393423345,213143201139,379307555572,811519948789,834359934928,140652807273,627525526256,66557519469,441973851241,445003165929,529137945580,168896239988,29866759520,846625684696,8597573090,266582301668,1021663105638,415343701879,576200129007,486626884830,291147600494,860426357727,750430340091,762553545711,678944121707,281229686136,226195347175,279149286252,375367790955,717115734382,717882028774,495911451355,363448673014,875223400667,939672328948,740502740726,1053032584671,825483137906
18,650217103097,119003865951,103664408558,132896642787,142382875386,223758133114,488154110455,992914776176,768575703289,460620301294,825003078654,443769457768,141251339258,131894742782,969896725862,839498820068,271404586350,708320538991,779215220339,91286511478,190115590524,995603451006,413161967992,1047909347960,255391456379,444925459807,1009110082812,512800739562,718080988656,33803958518,140554618878,204724727538,1070869320284,1019243769468,1027222489466,381261900284,492630858345,74215915640,396412939769,841454190055,1042784924791,269957286265,1079600144886,1076067202428,1093012146800,257848322806,15365719165,962310954355,205801073136,396515207157,1086114929649,1019126141426,1014989045231,632402941807,22231177845,78267366653,1074440315900,854784946675,978176569851,1032725048444,1034073238767,590763099762,656876672243,1053768440054,397449992052,247167280501,638634505201,362372506482,699806207097,377073444853,955517209329,1023066944503,360291265772,225433002603,467966274938,794730646261,203952664826,118259791606,1052523589108,694224322410,545885284074,400835332333,53045703154,1024231320316,575622989805,1013605934566,351752598266,809749265911,802468331382,735848722172,507207206637,26375741307,632329926005,1066810388860,50715078900,159223101555,330532572780,1091304914425,155808382435,904922061933,484507105270,1038126947963,292226377335,532698612986,855492666217,658890019837,857805831415,339103964150,309249018465,572534010738,788496825726,652357622773,544355563631,766087963886,864919845097,525429425273,77836375922,28170109820,765675,461506945128,120306065273,773066990965,1026445948654,967048874359,441973687293,206953136761,991616784251,717622397941,740756664185,1045671053307,722141363039,648091167080,1073543988085,950374868070,390629509367,900867945981,471040088689,758410222066,12692360563,802847063670,1052905867385,1082468666472,1031380809203,669353284350,220835182828,503072852722,693741300987,611330949749,666360989679,741320054132,268196094196,293957596762,853525643002,933204045682,1046013324155,561324141045,198361312364,470532424303,265871683058,309238460668,866870262512,993161704952,806190422130,889441775994,647805766134,1050368949885,730796554987,612015665004,633612943474,958416324598,145738329458,761484152571,360662911093,588719166843,86893346017,338430665052,512699628783,404334367085,98073618410,1051198874873,101645572085,1066970897376,345234567921,405344677491,139103490940,977741482739,614104881649,140664696825,25834013931,124462301812,24436479861,276932723057,1091441920109,793465058404,851936153081,1014276783589,139959353207,349603241850,323178843632,394228082420
19,927292003965,479955220709,989143189244,140506154092,730159345403,820802227068,365565466362,681429496063,55293497723,671277481201,824557152511,986517123326,874805287037,506985571071,443035153270,1003891896429,302664283258,829297090420,203785193087,698168492535,580178730494,1082709933311,620643355645,317785986555,919134879741,777082638334,126981751293,574914601334,759179757053,27609000570,54877966975,312638479480,161799253726,456380147325,140273500415,585541659902,843645709940,720102451065,297479059070,268966413166,1091617346939,919730256125,405716277499,1077342508670,332370782194,1085273151742,969683595646,728524691326,116399364850,781063724789,409935570424,399779009142,435636667257,448890766847,762111408889,944145350015,1055539582846,415171365498,383763783294,846951402750,534404370417,924564912885,710966623735,359598324727,19614127226,151928852091,881958258802,30595876348,45885988477,434751775351,788591755770,834213051130,73113807614,514930065527,556553821567,41483714681,687723315324,697824847097,189477467253,100086245107,222109362424,784642135407,761976253052,1096214621821,554441954173,854171420264,698763881087,111010291578,221254404222,319437469949,1029357411709,943178948862,679862935800,250019490431,527394217593,254295401215,305672134265,1089395981695,651552831478,40286815227,325677811838,445911680124,256817073149,317188294526,502658818035,592082117118,395483955194,878943304573,1079536345834,33975577976,257929764735,703686431094,969752683638,607793417460,247694087155,912073183742,886308094075,617949777790,340877048684,313994846697,40990870526,1028703515388,277448525948,137655896826,815055087102,26602388349,967393239678,848536743673,590720532859,380634587262,177979333887,431449640829,1013224145405,378493310589,219994266874,274924639743,1016453442422,961722284018,1069512428541,559809887870,13965052028,612724777718,1049861662202,724729182847,326733188095,303615164922,598640963455,283046212990,1032714223347,232659627895,219125076469,409723743073,1094441743742,230648924019,553879508222,934025421047,1029614710395,648997090429,712644311031,43136037119,987783381489,672767216767,140052602360,421340824447,970250281978,777835952255,439757686391,760320762486,780769359863,1031876131581,18429324538,273681402876,354888497788,574165908606,120249456369,850812608877,836570772721,158736934135,851993614590,1092312031486,932358877564,1037891158647,1097261739767,843732521853,83726772991,774130857594,695874577151,446595068027,410381030137,980868775928,130729951359,12845109489,134342151931,168494353124,1057716548477,614805858804,995475792250,429917963519,489898092540,174875882366
